appointment_hash,client_pid,provider_pid,services,booking_method,status,deposit_amount,deposit_collected,charge_hash,appt_datetime_utc,booked_datetime_utc,card_exp_year
e65a69f03395cf1714976bcded41418571003014a676fdcea0bb437ef6ab16c9,Client_105,Provider_001,Women's Haircut (Add on deep conditioning ),Self-Scheduled,cancelled,0,FALSE,NA,2025-02-13T10:00:00Z,2025-02-11T18:38:00Z,2028
a1df894d96675bdd23df9a701ffcb0b3aac44f6ad674c3f27b5f23fc0426c360,Client_064,Provider_001,Women's Haircut,Self-Scheduled,completed,0,FALSE,1eaaf197db40adee2a37bb689a09a6cd126fab9091916b5bb5cf7fa08112f91c,2025-02-27T09:00:00Z,2025-02-05T12:55:00Z,NA
fe5da58adef34c224e34699e0ae91dad58ff4c310d95bf983b8f6748e0d9353f,Client_022,Provider_001,All over color,Self-Scheduled,completed,0,FALSE,8518a65435c1bbeb016e1d2fe36ab217045a9cfb42cd8b8fcc63c8b280293e97,2025-03-17T15:00:00Z,2025-03-03T11:26:00Z,NA
16640665331a36c8b45a35b27aa846b71050c1e829be0148b21be54016f55b80,Client_079,Provider_001,Balayage/lived in/Foilayage,Self-Scheduled,completed,0,FALSE,5eb22f2454c8a1cf335e75eee280bc9a574fadb10d9b2a6c9a6a37b3843c515a,2025-03-26T14:30:00Z,2025-03-07T17:50:00Z,NA
b2b4633d7294fb0785bf4cf899f0071c478157dfb2dee16fe2ae88a1233df4ce,Client_084,Provider_001,"Partial Custom Highlight, Add on base color",Self-Scheduled,completed,0,FALSE,df9f604d703e0268a8f86885eb0c64f6b3639f1187514c4c31ad873164af9ef1,2025-03-27T12:00:00Z,2025-03-09T12:01:00Z,NA
c047e9e9d787120e2b12945908016f7d1a541ff48edbfcdff1312190fb468146,Client_070,Provider_001,Women's Haircut,Self-Scheduled,completed,0,FALSE,61f4fc2818a3a201a823bc85766117b07acb75253bf118adb49494555d2455d8,2025-03-28T17:00:00Z,2025-03-20T08:02:00Z,NA
a6f7db987cf00c9659a2731b27b5d4420c9498ed1339b30669e746e811d29b6d,Client_020,Provider_001,"Add on base color, Full custom Highlight",Self-Scheduled,completed,0,FALSE,31e947a7e7ac67217b1206754c086937b09d2fc175177f88b08dbc9b72ad3aae,2025-03-29T14:00:00Z,2025-03-26T14:00:00Z,NA
ffd55eadf773ad9e3d88d69c40ba13a0b745c71d67f7b9bd137f71d58e14fb23,Client_105,Provider_001,Wax,Self-Scheduled,cancelled,0,FALSE,549aeb77bb77ceb1223b5682681dca323218c02128fa146af884ccfe5d54b975,2025-03-30T15:00:00Z,2025-03-30T15:00:00Z,2028
6d934547afadccf74b9a80ec4b6ad493bca2b2f85808a9acd914d2afc37e4483,Client_105,Provider_001,Women's Haircut,Online Booking,cancelled,0,FALSE,NA,2025-04-02T11:45:00Z,2025-03-13T14:49:00Z,2028
f5334be41d3ee85ebc0fc8afcf9d5e045371add76f04fd9e48cc92f8b1447604,Client_105,Provider_001,Blowout/styling,Online Booking,cancelled,0,FALSE,NA,2025-04-02T15:00:00Z,2025-03-13T21:05:00Z,2028
86b78823e58f6b6c0c9c0b3fb386cd321d3ed38d49d289e85df3b4ff8f5117aa,Client_098,Provider_001,Full custom Highlight,Self-Scheduled,completed,0,FALSE,1cce24d20bc35bf6276a981c25ff5ec9607d24c982a23acaafc8cb3a6f164879,2025-04-06T12:00:00Z,2025-03-26T21:17:00Z,NA
7cdf75d8a825502c9773f547e3540bb1cec84ccb5b4d4c3569d68cf7dc805e55,Client_079,Provider_001,"Balayage/lived in/Foilayage, Extra color bowls",Self-Scheduled,completed,0,FALSE,06449598f21dbcbd773435c989912a181cd014c3a2108cba7fe77ceabb21f4b0,2025-04-09T09:00:00Z,2025-03-26T17:00:00Z,NA
30645cc62e3a79a366e5c26afa5b5f4851ec0d0c87dc5fd4a7a974418913e31f,Client_079,Provider_001,Mini Custom Highlight,Self-Scheduled,completed,0,FALSE,c701a62eaeca3963ad293f7fc0d060cc1834f00f72424def206ad8a059619006,2025-04-09T13:00:00Z,2025-04-07T13:54:00Z,NA
3d3eaf936a32a86ff3bccb01c98b1c2e19fb163a2c0aea7dcb66b9e2b754e9aa,Client_033,Provider_001,Women's Haircut,Self-Scheduled,cancelled,0,FALSE,NA,2025-04-10T01:10:00Z,2025-03-26T20:35:00Z,NA
f28fa8d1f4f3a7cdc54e43d96db93efc2b3674e76d9f90e03fcc9e9a28454411,Client_033,Provider_001,Women's Haircut,Self-Scheduled,completed,0,FALSE,d2c46adbf6a4091a180b01c0d680663457925f281900b778ba075d55d4a05075,2025-04-10T13:10:00Z,2025-03-26T20:47:00Z,NA
918693f92bed5a9d308daafd9a4a1dd9d2077fdf590a9ece0ce81d3e6e8007f2,Client_098,Provider_001,Mini Custom Highlight,Self-Scheduled,completed,0,FALSE,d1b77ff07ecae083d028ca6cd5eb92404df69f0559a6e26bec47e981ad04f01b,2025-04-10T16:15:00Z,2025-04-06T20:53:00Z,NA
fb5e82ece1093145a7fef55f7ba8e9de0abb0eb48fd3624c19a782f0588e53ba,Client_043,Provider_001,Partial Custom Highlight,Online Booking,completed,0,FALSE,8f8eebb8b3c322451038b739be299d812a037a1f876626a39a74eb61468b1532,2025-04-13T16:15:00Z,2025-03-31T22:27:00Z,2027
57f0755ef4cd3c67e3555a65ed4bfda49347a7e91961fd84a7c4d5be694b04ae,Client_075,Provider_001,"Balayage/Foilayage partial, Add on base color",Self-Scheduled,completed,0,FALSE,5a3830052f40871840a91191e3753a182e1826e77c3920a483e64c46bdbed427,2025-04-18T12:45:00Z,2025-03-14T15:56:00Z,NA
dc439c551cc55fd6b9923a860080c7b8cb060e1a055201c85e1e1611a65698cf,Client_076,Provider_001,Women's Haircut,Online Booking,completed,0,FALSE,a9ae9a0cc05b762df6399d0adfec36b971f448b8ba6c3fa38ff4a052d2483beb,2025-04-20T09:30:00Z,2025-04-15T20:22:00Z,2030
18bd64e83d0976db7c3c7d3b8f514931d0859836a778a1f9cebf4db0a0c7e9e4,Client_048,Provider_001,All over color,Self-Scheduled,completed,0,FALSE,1a3af9ced113ebead02266f609eb95f4f0293e4392624c377ebe4a2c8192fdea,2025-04-20T10:00:00Z,2025-03-05T19:36:00Z,NA
698790042f8385f592586abeb87407357aa9e22b2d123573d9ab0615644cd68d,Client_088,Provider_001,Womens Dry Cut,Self-Scheduled,completed,0,FALSE,aecd5b530496aaa42b29bff9be8c5b86858159006fd0820aaf830ad7fe68881b,2025-04-20T11:30:00Z,2025-04-04T20:49:00Z,NA
b5af39431583062f3a7c40c2814d5e6d7a6907e32f0b417bf26bc901248c2623,Client_019,Provider_001,Gloss with haircut,Self-Scheduled,completed,0,FALSE,772d45ab385711f4cee2c92a9f2bfcc4aa8c4c970b1467cf0c9f806af66a8a24,2025-04-23T10:30:00Z,2025-03-09T13:21:00Z,NA
1ff0dfe3ce8595a625a2417ebad3842f6ba58abd2d035661df8b600d08d5d8a4,Client_082,Provider_001,"Women's Haircut, Deep Conditioning Treatment",Self-Scheduled,completed,0,FALSE,686616c96a865293ff17d8e5b5aab63d95f3959ca5466fea497d1300c082c379,2025-04-23T12:00:00Z,2025-04-08T20:31:00Z,NA
598bba76ff3f72e961fe5ff0552c9dc3aea10044d72a197757108f0ebf2f20c0,Client_105,Provider_001,Women's Haircut,Online Booking,cancelled,0,FALSE,NA,2025-04-23T12:00:00Z,2025-04-19T19:43:00Z,2028
0becbed2262dc548840d78d07c0a56d2e903afc5ff1e1e011eaf590587fcca06,Client_079,Provider_001,Balayage/Foilayage partial,Self-Scheduled,cancelled,0,FALSE,NA,2025-04-23T14:30:00Z,2025-03-26T18:38:00Z,NA
5b01eed78d7fb77f8b9b5eaf218c4c2fd75bd210ebbbb76bed8320001254b3e6,Client_064,Provider_001,Women's Haircut,Self-Scheduled,completed,0,FALSE,eae0faa9deebfcec51fca2be0956ccde04a409470327226396717ab36984af75,2025-04-24T10:00:00Z,2025-02-27T09:44:00Z,NA
ee7791292054c5721ddcd010613cd8a4f557cfb1f8077bedd859ea7cae5acb75,Client_105,Provider_001,Women's Haircut,Online Booking,cancelled,0,FALSE,NA,2025-04-24T17:00:00Z,2025-04-19T19:41:00Z,2028
f7595ddef42e01c626c3195ea3bbaea49f4373b82a5ca85c194d86a6fc6a2eb5,Client_073,Provider_001,Balayage/lived in/Foilayage,Self-Scheduled,completed,0,FALSE,b1f994d9c30ea427273641f80a5bc31f9885428fd385375fb34ec8bebbea0101,2025-04-26T12:00:00Z,2025-03-28T11:11:00Z,NA
6f07b702fe2944f6a03b375c30d925c89f5d27546f2246c8d3f022a09736a36a,Client_012,Provider_001,Women's Haircut,Self-Scheduled,completed,0,FALSE,18119c8167058e7d4f5d982e10ca20bf29744f89f8c46f31d6ea477b6de79130,2025-04-29T09:00:00Z,2025-04-19T09:30:00Z,NA
b1165b596ff51d0a750a8b97d3d1c88573ebd5a67b5f0df498c5b12c346d18e5,Client_078,Provider_001,Gloss with haircut,Online Booking,completed,0,FALSE,0b4142c0a6f0173dd0803ba9b55aed37c8724c1fe79357f92899d3dddfcf141d,2025-04-30T14:30:00Z,2025-04-28T16:21:00Z,2028
ee32583d9f24121424a6835fe1bdbde72ca311635cdb39ef199992428912fd40,Client_018,Provider_001,Women's Haircut,Self-Scheduled,completed,0,FALSE,55e4c050c4ceb7ae4fcf52a9252137dbaa6641dca78412cafd1712e7ee0d697d,2025-04-30T17:30:00Z,2025-04-29T11:22:00Z,NA
bf12d31d055b100f638883c6407911870d00c81d2c9c0c42367aeca10dd4097c,Client_081,Provider_001,Women's Haircut,Online Booking,cancelled,0,FALSE,NA,2025-05-03T17:15:00Z,2025-04-25T10:08:00Z,2030
6185cbae4bf380c0eecc82c9457c820d86cc423743ee83611705614bbd2958bf,Client_103,Provider_001,Women's Haircut,Online Booking,completed,0,FALSE,2e8748f1c72321ba559bc379de55e8ed4e18bf3acc7a262f32de8349a6ead26c,2025-05-05T09:30:00Z,2025-04-13T08:40:00Z,2030
26feec7896d749fcd2a4644c976cff6fffca7adacc95461758c7f48e5ee60fe3,Client_081,Provider_001,Women's Haircut,Self-Scheduled,completed,0,FALSE,0abef9ffd100942b7111cee310aee0d2d83125a0b4a0905ef4b2369a05cd9a30,2025-05-05T14:00:00Z,2025-05-02T19:51:00Z,2030
5f166b21c752788e3c72aa7e2cce67eaabc43182e358a6147cd706dc2bfd7ec6,Client_083,Provider_001,Gloss with haircut,Self-Scheduled,completed,0,FALSE,af7a08f62e3356833b332c8d5923b49ddaf536fbf079b8047874555c0a5350ac,2025-05-11T09:00:00Z,2025-02-18T19:26:00Z,NA
de548fa5ca68c75f4740c8d45aaa24b6c44e55e32eaa57bab599afbf44f0f845,Client_062,Provider_001,Women's Haircut,Online Booking,completed,0,FALSE,20ebdfcc5f8130cee558fccba7c84552d2b510bd0be6f96e45a9106e64948ecf,2025-05-11T12:00:00Z,2025-05-10T19:18:00Z,2027
f1a2a36822eda8788ac49df0ea079044f1f485f7775c124c28289786171711aa,Client_088,Provider_001,Women's Haircut,Self-Scheduled,completed,0,FALSE,5673e2267d595eba9bb07528a0152789f6cd60b2cf7e80413764593745e60436,2025-05-14T13:00:00Z,2025-04-23T13:14:00Z,NA
52795572e381cac72733dff32c8c62b18b6c8168509a6b7e914f8c76c23f888f,Client_084,Provider_001,"Partial Custom Highlight, Add on base color, Extra color bowls",Self-Scheduled,completed,0,FALSE,a8e73dd5e279b2151db76cbc508349d264247c2d99fb3fd3bc1121dc541e71a7,2025-05-15T09:00:00Z,2025-03-27T14:44:00Z,NA
ff81e1d7644e65c03f7329404651e239f40dbef458f49449f7abfee94f03eef4,Client_105,Provider_001,Women's Haircut,Online Booking,cancelled,0,FALSE,NA,2025-05-15T09:30:00Z,2025-04-08T08:06:00Z,2028
ef2a536f286089e233e75474924e692a1301d4ae96d06b4abfa4f769796f02be,Client_028,Provider_001,Free Consultation|Color Correction|,Self-Scheduled,completed,0,FALSE,e94a1d1adc28faf31834fddc52851036370c9d42ce7ae8383150bcfd7d97bbb4,2025-05-15T11:30:00Z,2025-05-07T16:36:00Z,NA
32d31476ef64dda6d864c203d3fe7f8ccec5ea891e36bf2e6c1cb7561efdc095,Client_016,Provider_001,2 Row extension move up,Self-Scheduled,completed,0,FALSE,862fcdd16b56777f467e48ede3ce485bdda8a4c57407131631a48b4ad57859a2,2025-05-16T09:00:00Z,2025-04-07T19:16:00Z,NA
b7bf857d882f17a6508ac63e6194c255c44f2ee63a87c276fb4592e9758b0ec8,Client_060,Provider_001,Root Touch-Up Only,Self-Scheduled,completed,0,FALSE,4d6df2cc23795e0dd98b97c835164edb2d096677613a5c9cf65089287c37b102,2025-05-16T10:00:00Z,2025-04-11T21:01:00Z,NA
424fe758b5970ed2611022db9e6e54fda3c870abed83a2b176747164dee55e27,Client_097,Provider_001,Full custom Highlight,Self-Scheduled,completed,0,FALSE,daabda68bd5beab787a5e46fa168a7ac57fe58cdb2f91b88bf6391fd1977e748,2025-05-16T16:45:00Z,2025-05-13T12:42:00Z,NA
fd661be42078f4a3ca2d0b7d6e476b43d88258182d38f7e1c0faea17c409b99e,Client_028,Provider_001,Women's Haircut,Self-Scheduled,completed,0,FALSE,e297b5301db7771bbbedf660288e9de3f99437818abf36b0473e46005541331d,2025-05-22T13:30:00Z,2025-05-15T11:38:00Z,NA
b647d5037502dacc743b68835b8f9a1c9f19d649624196d0032146e2c50eb7a8,Client_026,Provider_001,All over color,Self-Scheduled,completed,0,FALSE,2e71507990b0dc3f33e8fb85e91062625390afa0f4a6a38a1647dabec58614ea,2025-05-22T16:00:00Z,2025-04-04T19:08:00Z,NA
6b8753431001611f1496a8cdc6783177cfd1aec6f5222b1ec465e69bc752f7f5,Client_102,Provider_001,"Extra color bowls, Full custom Highlight",Self-Scheduled,completed,0,FALSE,6eaea21c88cbdce4ebee8399cd7087f2b8332d3b1d35116aa8b9649c478c69ef,2025-05-23T13:00:00Z,2025-03-28T11:06:00Z,NA
433331c1905ecf7315b9085b9ee9c1b02a9635e9200c4e2d1a83909ebf101ca3,Client_060,Provider_001,Free Consultation|Color Correction|,Self-Scheduled,completed,0,FALSE,998728cb191253de865ca9dcdd233f26d3d25b8aba7274747d8c1d6e134e8dd4,2025-05-23T16:00:00Z,2025-05-16T17:50:00Z,NA
50f2a63d4c09d4f4b10a9fe5f5e1fb763b83dc50a002f737e33d8666281aa883,Client_010,Provider_001,Signature Blonde Session,Self-Scheduled,completed,0,FALSE,948c2d940e9fb2100f606bb9e5630d51deda63487f47d68ff91703d0ec8cba57,2025-05-24T09:00:00Z,2025-05-18T08:57:00Z,NA
e5e610cdf6289dc183d3dfea94512998b6682c720f44a7a00ee8ca0efcc7e448,Client_012,Provider_001,Women's Haircut,Self-Scheduled,completed,0,FALSE,47e940c2bd3d42d4ec284163c193ccfa26793e5d7ab8e32ed542e210db402198,2025-05-25T10:00:00Z,2025-04-29T10:22:00Z,NA
20bcb211e0046b98487b6fcedca41c2c5f4448f902e312ea1a8b12131d4f6d54,Client_022,Provider_001,Gloss,Self-Scheduled,cancelled,0,FALSE,NA,2025-05-26T16:20:00Z,2025-03-17T16:58:00Z,NA
21d9a9313cad2f445c5ea4bc1d64b23cff7fa9b837635b13acdcfc7b2c5667b0,Client_019,Provider_001,Partial Custom Highlight,Self-Scheduled,completed,0,FALSE,41335ddd504b68befbdf8341dd07636d3ae8ad2e08b49edbefe9bc9bc7e7ab88,2025-05-28T10:30:00Z,2025-04-23T11:44:00Z,NA
af89febc6270f7cf201d45b5a4dfe9e3f2fcacb58cc8a6b779cca84ce03f0a92,Client_028,Provider_001,Full custom Highlight,Self-Scheduled,completed,0,FALSE,00619db5810ada0b33c5ef0f496b17d3fdc06140f3d9b54f7dc181b91677ef47,2025-05-28T11:30:00Z,2025-05-22T14:21:00Z,NA
b5580b66dff1e4d2fd474bd5ccc2c6c4d2411aa3316db1e28bcd35d7aca714c9,Client_036,Provider_001,Full custom Highlight,Self-Scheduled,completed,0,FALSE,bd3c7c34847bf60e252396b352f5732d1fe32f62d6a0e82e7d6a6276b72148d9,2025-05-29T18:15:00Z,2025-05-28T11:08:00Z,NA
2d5748834da83f6c14484629225b270c7a12e62fe618926f0cc7cf0c47d8e136,Client_016,Provider_001,Balayage/lived in/Foilayage,Self-Scheduled,completed,0,FALSE,05be68567267e0a7a41796940d13c88b869335651af55422f154052f921214e7,2025-05-30T12:00:00Z,2025-05-27T16:19:00Z,NA
13a5deb0d34352a5d97a661e99ed2125558cab8fb5a26c13c256944e168b3034,Client_091,Provider_001,"Mini Custom Highlight, Add on base color",Self-Scheduled,completed,0,FALSE,83754f8d3d80e5b3472f364a954b4a70a26df78152d780818369f54c59b3da76,2025-05-30T16:45:00Z,2025-05-12T20:35:00Z,NA
385d6728b3bf8f9d5c06a2fcd4c9908d1369ab6bae767a6ea2c8d14394db9df3,Client_099,Provider_001,Women's Haircut,Self-Scheduled,completed,0,FALSE,d8593b89416ba3f364fe5a5055b104fe2b3c6bad52bedb9da8f1c16ddf3a050e,2025-05-31T09:00:00Z,2025-05-21T09:23:00Z,NA
2a82a2773c6b33960191037fff823853dd9fafff6915a3f7bf12236ec74ef7f7,Client_040,Provider_001,"Partial Custom Highlight, Add on base color",Online Booking,completed,0,FALSE,9c7dfd247e82074e47d87ebc72fa0f326f424a4d11a6f2356e92ccbe0360696e,2025-05-31T10:00:00Z,2025-05-26T13:41:00Z,2030
4e6574bb868c071dc698729aa805b647b489d1f945ca11f42cd26013d4e5dee5,Client_067,Provider_001,Root touch-up with cut,Self-Scheduled,completed,0,FALSE,d9931062d373221e954c4158e6dbd03a9417463fdb7b005c1c65f825784f67b9,2025-06-01T14:00:00Z,2025-03-08T19:00:00Z,NA
a68cba53b7ec68d0c1e8d42dee9bcdcb848e7656d1ecd7096950d87ff63a0162,Client_020,Provider_001,"Partial Custom Highlight, Add on base color",Self-Scheduled,cancelled,0,FALSE,NA,2025-06-02T15:30:00Z,2025-04-30T17:05:00Z,NA
f629a7873ce3fb45c83e2dc358a94cf2567d24e55943d695543e57ea728a4a5d,Client_063,Provider_001,Full custom Highlight,Self-Scheduled,completed,0,FALSE,9bf27fe094046afcbc813277ba9990f8e9ce3e1416d6e32738b6a029b2b4db1b,2025-06-09T10:30:00Z,2025-04-08T11:19:00Z,NA
eea1d0a811b8a7774bc1d92c575a8b156db7881afc2d29338b5f91d9333c6049,Client_027,Provider_001,Root touch-up with cut,Online Booking,completed,0,FALSE,14125f19f760d1da0dd1c60c51450871d4ba269f51dd2e704be01d02a2b6fd05,2025-06-10T09:00:00Z,2025-06-03T15:00:00Z,2027
0cea558e74874784fc592f2288ab89a434b2484a71ab8df50399baa3d8ada63f,Client_043,Provider_001,Full custom Highlight,Online Booking,completed,0,FALSE,6241c929886418c257fe3cc85061e623a4371d7d31f378e551edbe719a57eab0,2025-06-10T15:50:00Z,2025-06-05T18:14:00Z,2027
ae54bb61bbbbe5a8c6b78d426d91c3d58be1021e85cd908ab34602e16d46378e,Client_064,Provider_001,Women's Haircut,Self-Scheduled,completed,0,FALSE,26c0cbb6919c3c41cd5c5a426c39f79e96443b6baebaf65c9eda9710991919b7,2025-06-12T10:00:00Z,2025-04-24T10:43:00Z,NA
e19e7fcff72612e9c923a1c701a9a343d6b4a3b902e0f2675c80c030d39fe201,Client_023,Provider_001,All over color,Self-Scheduled,completed,0,FALSE,b34ccebf26a7117af776b96b537e381d52737dea25069da71c9a6523321c5779,2025-06-13T16:30:00Z,2025-06-09T19:13:00Z,NA
2c2dba74e9b213f8906b9b2d8b8239f95669a8099b4f2047d120332aa62829f5,Client_054,Provider_001,Gloss with haircut,Self-Scheduled,completed,0,FALSE,26da9d91365c4477cc31ecfbb6e6a109f8ac6ee2f8913d699e84f0feacc29281,2025-06-14T11:00:00Z,2025-05-24T13:29:00Z,NA
2a2243cc4b9ed051f904c86f6e00401291d37da30979b4a4e9c45939c829c886,Client_095,Provider_001,Balayage/lived in/Foilayage,Self-Scheduled,completed,0,FALSE,70340d098a64f7591c563c144dcdefe243d036b903d50c4b5e8f949c47a71d73,2025-06-16T13:15:00Z,2025-06-15T20:17:00Z,NA
8ab8fbd0194d97912d87346b486feecd54f75fff20aa0a92561a8e2392b0dd63,Client_009,Provider_001,"Partial Custom Highlight, Extra color bowls",Self-Scheduled,completed,0,FALSE,334ca4d153923a29f20044623bd221defcfff1613a0c0d3bc3b3294cf385a7a0,2025-06-16T16:00:00Z,2025-05-27T19:20:00Z,2026
9faefae895a024676dee6fb4cf0cbe9c21de44ac803c58d33c6277e0bbe5b7a3,Client_079,Provider_001,Signature Blonde Session,Self-Scheduled,completed,0,FALSE,e08b07995feb5a7aa9803e7bf512b780c741e8200c11cb3c3c291b58f265a872,2025-06-18T12:30:00Z,2025-06-17T12:06:00Z,NA
09e41693e69230e28e064b6d340c06cc919550304597d80d8857aa2af725ee6f,Client_088,Provider_001,Women's Haircut,Self-Scheduled,completed,0,FALSE,262de373ca94cab3f8bfb70074190262d2b58f3cbf48c592fe37c10666690c2a,2025-06-18T14:00:00Z,2025-05-14T13:47:00Z,NA
827d3b6879ac11ceecb37ee4cb628c9bdc62028ac5803e8d937c033f96263933,Client_018,Provider_001,Women's Haircut,Self-Scheduled,cancelled,0,FALSE,NA,2025-06-18T17:30:00Z,2025-05-02T15:31:00Z,NA
12f986de711795ce89dba6b7deb74d145c948de1bd381fa4f43bc2e309309d04,Client_060,Provider_001,"Add on base color, Full custom Highlight",Self-Scheduled,completed,0,FALSE,18559e8bcf282cafc074a37c600e1b4aec97567fdfcfa1b1d8c68fcd0893ddff,2025-06-20T14:45:00Z,2025-03-13T21:03:00Z,NA
aaa4d516173720691e72acfec31b67873c41f460bc0f2f23bde913e668ed1436,Client_080,Provider_001,Signature Blonde Session,Self-Scheduled,completed,0,FALSE,4ff08e08d1a7a627eaa6050bb5e3328e50e660b0fbc3b706cbf90499fd117a23,2025-06-21T12:00:00Z,2025-06-10T13:20:00Z,NA
a2786d01eff6b5f0e0e141999b5e83a5a54c47ba9e4023a04b3d3e2b33159d17,Client_030,Provider_001,Balayage/lived in/Foilayage,Self-Scheduled,completed,0,FALSE,0d3c8794d8493dcfdcfff51f51822dc660370c0cac9425cc5a44ebb9b623aa1a,2025-06-22T09:00:00Z,2025-06-12T15:17:00Z,NA
14e95dfbd0a166bdf7a0d6657bfac94f4ed0d84e8e818c36dcb4f98635cb3c62,Client_065,Provider_001,Root touch-up with cut,Self-Scheduled,completed,0,FALSE,152cf46ca58ec639605fb43ce88ea0bdffbf3bb4f2687101f6a2c3b89e86d47a,2025-06-22T12:00:00Z,2025-06-19T07:44:00Z,NA
8a201790ec1176a707800ec1acf4cfeebf145f8f0c7148bcee9ed7af87d588ad,Client_077,Provider_001,Partial Custom Highlight,Self-Scheduled,completed,0,FALSE,2853d7db2811e1120e5db7e0977eff261bc22c44059d38e33c6fea32dffe76c9,2025-06-24T16:40:00Z,2025-06-20T10:42:00Z,NA
09f07e77d19a2dd8c5e086bd638e9e127d7278a7742aba21faeccdddc0f907c6,Client_071,Provider_001,All over color,Self-Scheduled,completed,0,FALSE,dec2a0dc6e65c62c8c0560cc3770ad0d264f4a22576fcd535235fb432fc54b81,2025-06-26T10:00:00Z,2025-06-21T19:10:00Z,NA
9c9a27ba10e1dd7509ab4e2771bac08d74b19be6bcd6863f552adb385bb639c8,Client_046,Provider_001,Signature Blonde Session,Self-Scheduled,completed,0,FALSE,69fbce338392361f8c37ab7ad888275a6024918915f537ecc67300b0a571900b,2025-06-26T13:00:00Z,2025-06-14T16:42:00Z,NA
69a9b6479f3488bb80fd2bcb4d427b06627ee0bb350686b43116f2335a06f3d1,Client_094,Provider_001,Balayage/Foilayage partial,Self-Scheduled,completed,0,FALSE,d3eb5360cdff0f65781b87bee769bad312c34a609b1bd514a6fbe38e48016428,2025-06-27T09:30:00Z,2025-06-23T12:56:00Z,NA
e0b0abd9b52a4a5f00c22bcf79b6bd8322a303aa22209730833be20ad4cb5668,Client_059,Provider_001,Women's Haircut,Online Booking,completed,0,FALSE,b915fdccbe0d8ec43b59f4b24254d2065bdc2cd4d2a8108c1695ac9238e2dadc,2025-06-27T15:00:00Z,2025-06-24T17:08:00Z,2030
a4dfab50bcb46d402f6b2cd172501a79708ddad38818a0130930aed692939a01,Client_022,Provider_001,All over color,Self-Scheduled,completed,0,FALSE,41d06caf077d12251f37d241eddff018728f3cdb0689661c3fd94f538ea7e769,2025-06-29T15:30:00Z,2025-06-28T17:28:00Z,NA
e944f1dcd6af2c6cd32e29a50c2508d5854c781e122d6e912c5106c0c27b8916,Client_087,Provider_001,Women's Haircut,Self-Scheduled,completed,0,FALSE,6a66ab037160e39ce088762f8703d8285352115311f2d644217dce9929bc023f,2025-07-03T09:30:00Z,2025-06-12T13:03:00Z,NA
fad22a35148e126f21c6d11a9a3dbb848439163a39412b5bf91b36e5170dfac9,Client_074,Provider_001,"Mini Custom Highlight, Add on base color",Self-Scheduled,completed,0,FALSE,f59460b08790047e1be4bad4302cf9f45af418d772515f88e838a7ba9b0cba7c,2025-07-03T16:00:00Z,2025-06-25T14:14:00Z,NA
38d765fdf989b371d5f4579c994a9734db0afdaf4c857e19971dfa5f1c093f09,Client_008,Provider_001,Signature Blonde Session,Self-Scheduled,completed,0,FALSE,47bd360a966bf73fbf33b535ecc6f83847ae6e5f01f77f65c66538eef302e8fa,2025-07-04T14:00:00Z,2025-06-27T07:03:00Z,NA
329fdc5cfe944225d0f84e6403d91742c856cb7140e1da7ab6bfd155b513f3db,Client_073,Provider_001,All over color,Self-Scheduled,completed,0,FALSE,cf287cf45456c04015354bdb5715d7591e9f66187492f5717cccd662db8a7ac1,2025-07-05T10:00:00Z,2025-04-26T15:36:00Z,NA
12a1a8e0a891362613cec9a6290ff4666396b66e99cf576ae9ad9d09cb0473a3,Client_061,Provider_001,Womens Dry Cut,Online Booking,completed,0,FALSE,3f8ac8fdfb0507da86f84f3dc84dd98e79e2bd009c65769ad8259aba9bd526e9,2025-07-05T11:30:00Z,2025-06-30T18:24:00Z,2028
6ca422e6ccc1ecce767194e20d2c280750f1e895545ee1520d75393fd69b2f70,Client_075,Provider_001,"Add on base color, Balayage/Foilayage partial, Extra color bowls",Self-Scheduled,completed,0,FALSE,1156ca51fcc67fd4bfa994a3fbf0abadb5c318068cd2a52b571437aa4f2e8713,2025-07-05T11:30:00Z,2025-04-18T16:20:00Z,NA
922177ee1e953b2fe7a8eb0776c091b4acb0bad108232438963ca23a0e383008,Client_011,Provider_001,Root touch-up with cut,Online Booking,completed,0,FALSE,f0ed77fa8511bc6d45acd37ac290d8830031fa6138f2cadb40d924bfdab409a9,2025-07-05T12:00:00Z,2025-07-01T10:38:00Z,2027
fd2ab4a72cc81f4ef12b549bd12a845732024fb74925216af7670cd28a068968,Client_083,Provider_001,Balayage/Foilayage partial,Self-Scheduled,completed,0,FALSE,816cd3e652d0b363d6c84c4c4d0bc000dd4ab336a62827afab032a6a8960d6fd,2025-07-06T16:30:00Z,2025-05-11T10:02:00Z,NA
decd38a43f1e89ee9af4f05d04b9e27ee16c42b726a7c46c262095d3f387fec6,Client_016,Provider_001,2 Row extension move up,Self-Scheduled,completed,0,FALSE,51a87470bd0044953a68f736c902f1651661d9e1a3ca0e8a3cdfbd391e1d047b,2025-07-08T12:00:00Z,2025-05-16T12:13:00Z,NA
b7a1171a1a920ec4440a6ae88496edc73593a443eba5dfc9419653bb5dfbb324,Client_091,Provider_001,"Partial Custom Highlight, Add on base color",Self-Scheduled,completed,0,FALSE,9cad4773dee30b3a0c1a26f3455f18dc387c38ecbc91145e820d090ec3dedd1c,2025-07-11T09:00:00Z,2025-05-30T18:58:00Z,NA
a87f52f6b00133b05126e4f19cc8942fa9a5d44062da9be5b15978be2e521a90,Client_066,Provider_001,Signature Blonde Session,Self-Scheduled,no_show,0,FALSE,1b7b91b81b52c8da322767cca0df139269351778a7b75175645628b46dd6dc4e,2025-07-12T10:00:00Z,2025-05-30T09:02:00Z,NA
1eb22e007070ea93220f43c9b5022d09b3a0a1dfb47a8ba093c85448205be4ee,Client_092,Provider_001,Women's Haircut,Self-Scheduled,completed,0,FALSE,62fbcabf4eef8ae9871b4dc9d603037d97758458037ec37f51497fbb5dd99dcf,2025-07-13T14:45:00Z,2025-07-17T14:43:00Z,2029
ea24a9ca5cfd1f711d67e2f9191e0628c8d55fad17f2de8fba00598a500be1da,Client_092,Provider_001,Women's Haircut,Online Booking,completed,0,FALSE,0c6d0ac5c64d476c133ea71ca6c08dc5b17cf25b888151242e4a57efef0ce75f,2025-07-15T11:00:00Z,2025-07-12T08:37:00Z,2029
3de9a38702a6b5c91b6a2dd5855fd9dcc77cb3b06aa4009ee48f6353940c99f8,Client_084,Provider_001,"Partial Custom Highlight, Add on base color",Self-Scheduled,completed,0,FALSE,14094fefb4fe3208385e210e6bd989520df0c77585e3eba81f6c738b08372ca9,2025-07-17T09:00:00Z,2025-05-15T12:01:00Z,NA
05f41e48a43764d940450bf7779572411f680e9fb3c0bc5220d6958f0965f79f,Client_036,Provider_001,Partial Custom Highlight,Self-Scheduled,completed,0,FALSE,e2ec1ab7e9d5f79430873ab60e0a3d1135d9c179c5b4419a8576c842cb963c48,2025-07-17T18:15:00Z,2025-05-29T21:28:00Z,NA
c9ce400c53a0c7da475a9178c9444766f3d364ad0dcbeb3eb8d9389a23b64a68,Client_024,Provider_001,"1 Row Extension move up, Gloss",Self-Scheduled,completed,0,FALSE,e337c20fb628baf9d7e4b0c5689352cecfe6a93bd6d066169e0edec13a528e0d,2025-07-18T15:30:00Z,2025-07-17T23:06:00Z,NA
69d2e949e8d67f7d5e431c77ea38946666d96f6a565a27fa97678f4da7c78281,Client_083,Provider_001,Blowout/styling,Self-Scheduled,completed,0,FALSE,66683fb52ef209d3f528154845f7fb83c4881b3f3a5c82bd8a3c58b55cfadd63,2025-07-18T17:15:00Z,2025-05-28T15:52:00Z,NA
19c176af0609d14de232a5e772127bb1132c93aba51cfd782b18beae2a7152a9,Client_010,Provider_001,Full custom Highlight,Self-Scheduled,completed,0,FALSE,4bd6a47c725ce82eab7131ebc0c5fe8af09e352815f242423f277f0e1d60b37c,2025-07-19T09:00:00Z,2025-05-24T14:22:00Z,NA
84e2be054fa0b4d0bb33d5eebe5f05e9dec561912f8c61455bbda2bb0d96e7e4,Client_032,Provider_001,Women's Haircut,Online Booking,completed,0,FALSE,36b44eb36377f4db27810d5d723c78ab3f5957c908d6ad58f4d2438432792162,2025-07-21T11:45:00Z,2025-07-19T10:08:00Z,2029
84137d76b30ef25615f9e6ee0858852187f79ac36cf2df67e979a17982798292,Client_004,Provider_001,Gloss with haircut,Self-Scheduled,completed,0,FALSE,70ce8fc86fe70873e5964aa60eb733450bb8658511520d78d80c36cf1ae3d8b8,2025-07-23T10:00:00Z,2025-06-06T17:59:00Z,NA
f16e82270506592c7b58b361fb6292987d9809a225d4336309ade0472e345e35,Client_028,Provider_001,Gloss with haircut,Self-Scheduled,no_show,0,FALSE,c196a88db4133cc9a16d8801d895e557c1e972d408c4add70b7e48f057ac12de,2025-07-23T11:30:00Z,2025-05-28T14:01:00Z,NA
04850ad4a79ab3796be4eb5233966b9113136aefe3350393b1b382ac4eddd94e,Client_088,Provider_001,Women's Haircut,Self-Scheduled,completed,0,FALSE,3bd06f1174f5c60244fd1c025b2c1f44e1e8b6e7ccf71b85cf18acd7d7f2c6c1,2025-07-23T14:00:00Z,2025-06-18T14:51:00Z,NA
0cf67539f734a9ef247e4d854ac6c144eb54f90d9ac99f7bd502be1ff8abcb96,Client_043,Provider_001,Partial Custom Highlight,Online Booking,completed,0,FALSE,46b861025fb1c422d0ef44092925791840491ac8a9df9578f5ac5411e9302947,2025-07-23T15:00:00Z,2025-07-22T15:32:00Z,2027
9a590ebee2f7b737007c0cbf9aec5178cff29099b6b4cd790efa589f1c494bb5,Client_019,Provider_001,Gloss with haircut,Self-Scheduled,completed,0,FALSE,bebfef7df414a2fcf26ddd698354be299ecaa49d6fdf04fee532fbbcea9b2325,2025-07-24T10:00:00Z,2025-05-28T12:44:00Z,NA
d70ad571e0b89919ff28dbe44698816ab0b40488a5f1204d22d4253a94646740,Client_069,Provider_001,Signature Blonde Session,Self-Scheduled,completed,0,FALSE,b2719360448ec008fd33f3d5350d91317ed2acaaf58e68c958ef8f933a43ffc5,2025-07-25T11:30:00Z,2025-07-24T14:05:00Z,NA
41ef78d36c7384b4aabb2cd24993e4504e792cce39028f28ff4830d7ab1f652f,Client_102,Provider_001,"Full custom Highlight, Extra color bowls",Self-Scheduled,completed,0,FALSE,be2365bf86c40cbefadac60ef9f1f3fa53faa6f8a8515b3a9d149523aa20a6a0,2025-07-25T13:00:00Z,2025-05-23T17:22:00Z,NA
5a439ad4ec94a2bbe22fbdd1315bfbe8bb84e5aabb97c832543c67173708653a,Client_099,Provider_001,Womens Dry Cut,Self-Scheduled,completed,0,FALSE,68457a629011309074cb67316f5ee7a9f9d652e6400dd5b6965351c9844b2014,2025-07-26T12:50:00Z,2025-05-31T10:16:00Z,NA
206016fc2ad6644c864b5c4375c19f08ff2d2e21c0a41cf8cdd9d15ee399ce53,Client_041,Provider_001,Women's Haircut,Self-Scheduled,completed,0,FALSE,bc7b2b5a437cd8f85abf136ffdf387b87824586738336ed78e42f5264efa7ab7,2025-07-26T17:45:00Z,2025-07-24T22:32:00Z,2026
bd10f18f2198e2f1091bc011fbf5ee5e2682b5dd0edf6f8ece55a71d7b344363,Client_039,Provider_001,All over color,Self-Scheduled,completed,0,FALSE,2f4b7b662cdaba19e274296654ff3d050a3922f914f9a3f17f69c15acf794b6e,2025-07-28T12:45:00Z,2025-07-28T11:23:00Z,NA
eec7ce424affa87f62dab8f517c3b1d28262a64ad7da7cf20f025248b31002ae,Client_056,Provider_001,Signature Blonde Session,Self-Scheduled,cancelled,0,FALSE,NA,2025-07-29T10:00:00Z,2025-07-22T16:57:00Z,NA
ce7aacc478a799f5fbfc07dd6bdb1feb1f03e05bd4e8f9e3043e82dd44e8ce48,Client_044,Provider_001,Gloss with haircut,Self-Scheduled,completed,0,FALSE,7f078de13767dca34039663bcf204a706cf631c3bd06ccb96de9a1472093497c,2025-08-02T12:00:00Z,2025-07-12T14:51:00Z,NA
3a464816c76b4c0118c5fa88dae4724033e8fb2752c42fa38e6d44a4c9e31bcc,Client_071,Provider_001,All over color,Self-Scheduled,completed,0,FALSE,044e6a3d91d2ed5244e06fe7f41dcc3436e032f16c26655152a1032b825e13a0,2025-08-03T09:00:00Z,2025-08-01T14:57:00Z,NA
c9a4c4a3afc39aecc201165aab5fd9faaf86c7694a5a803264d7ada4205d671a,Client_037,Provider_001,Blowout/styling,Self-Scheduled,completed,0,FALSE,9f758706e80cb0925a43c1beade6188bbeb3a47a6b50c85984f4eb36b4c24b4a,2025-08-03T16:30:00Z,2025-07-20T20:59:00Z,NA
575e6825f467d918179ce202ace91c1bf4d7ab84ee3feb38701dd19e1de96692,Client_068,Provider_001,Signature Blonde Session,Self-Scheduled,completed,0,FALSE,78b643bfbb4d972dfdd92cc9fa5dbe927d8e880a27a2d1acf78611269b26f039,2025-08-04T14:00:00Z,2025-06-03T16:01:00Z,NA
4203e1e584c8827566406ca07e712cf098be82222975f426e8b1ef61b9ec6bca,Client_035,Provider_001,"Extra color bowls, Partial Custom Highlight",Self-Scheduled,completed,0,FALSE,364938c7b3db7b72132c999429683f7b89b2acb8805b0c7aa5e6702d688b7fd7,2025-08-05T14:30:00Z,2025-06-27T21:59:00Z,NA
bdcd0cf3f4d4eea52f14c154918494832e01d68f81e1607c95d29bb8dc567573,Client_038,Provider_001,Balayage/lived in/Foilayage,Self-Scheduled,completed,0,FALSE,c9c64f362b060b8b5599fd9a14421e42cf76bac38be7bbc2c94e3cda087f66be,2025-08-06T11:00:00Z,2025-07-27T15:41:00Z,NA
2fc73766df44ee194bc55255172382effbaa283041ffef07aa3d56bbf652b5ad,Client_087,Provider_001,Balayage/lived in/Foilayage,Self-Scheduled,cancelled,0,FALSE,NA,2025-08-07T09:30:00Z,2025-07-03T10:52:00Z,NA
a3ef90aa0616730bc34a792c5ebf5a9b01788db9217a0acbc23f1b47848c95f0,Client_040,Provider_001,"Add on base color, Partial Custom Highlight",Online Booking,completed,0,FALSE,de611f91f33a73695c10e7968258f7442986fe7329b7f552500a351ad67ec538,2025-08-08T09:30:00Z,2025-07-23T14:59:00Z,2030
515581fc13069b7e2196ffeb1073615d553a6da6bfbcdacc35862354f4d06d8b,Client_023,Provider_001,Root touch-up with cut,Self-Scheduled,completed,0,FALSE,d438fc5d7852af176308ffc7943724edf475308cb7fcf8dd6f5c699738237520,2025-08-08T16:30:00Z,2025-07-26T19:19:00Z,NA
7958e878d31b571eba2770a2fc9d5bd554de596b2999e26e8aac9e5e4b6dc990,Client_003,Provider_001,Signature Blonde Session,Self-Scheduled,completed,0,FALSE,2feb30519498dab8fe77928f21dd9e006485c83e60097d1d4f59e93b45e57630,2025-08-09T09:30:00Z,2025-08-04T09:30:00Z,NA
a8d56c606dbd2cf1d149796e7f9dca663100b1c6ad4e4fa1a635fbc1123ab471,Client_054,Provider_001,Balayage/lived in/Foilayage,Self-Scheduled,completed,0,FALSE,cb89420626179987c88218224e40ff41ee94ec8c99d6ee5b5627324a3df89141,2025-08-09T10:30:00Z,2025-06-17T18:42:00Z,NA
308aaedf0552059983968d938005cd576afacf2efc7511c0bcb8ac79f178da2e,Client_104,Provider_001,Free Consultation|Color Correction|,Self-Scheduled,completed,0,FALSE,9ec6875ce1dc6f7f2623c00f892ec8426fd609b8c84ee8f6e3882cf550aff5d5,2025-08-09T14:00:00Z,2025-08-09T12:49:00Z,NA
c7dbd657e8b37aabebff10ccef94c138b0e3ca7651a4bf2ca27e1e4f9daf54e9,Client_096,Provider_001,Women's Haircut,Self-Scheduled,completed,0,FALSE,80f6eeaf7e00056abc01d2e4f134a8148491c4de777a21370a9ee2a1baf78ead,2025-08-10T11:45:00Z,2025-07-21T19:59:00Z,NA
6d53f671a6038104ac9d1a89448498b737b49ef698aecd86d8e6158744984999,Client_061,Provider_001,Women's Haircut,Self-Scheduled,completed,0,FALSE,6abb37e0e2c864a49c6896840e99c2023f2d7a7d28c35cfd4c690a7d134c7501,2025-08-10T12:30:00Z,2025-07-05T12:30:00Z,2028
ba2d2dcfa7a5b1fe6146b5b406eb9d8dbe71467d530259087768c6c4a2a80b88,Client_009,Provider_001,Partial Custom Highlight,Self-Scheduled,completed,0,FALSE,f6e8c9d36dd178ad0a3c88519a673ae370c42a4f892f50a6c206a8b3ecdbae31,2025-08-11T09:00:00Z,2025-06-16T18:24:00Z,2026
56859f0cd0f144eaf2f1988a9e909a85f10a818015781c950a60a39aec5b883e,Client_063,Provider_001,"Deep Conditioning Treatment, Gloss",Self-Scheduled,completed,0,FALSE,3296e191dd36dcdd18df1df58ea36f3db6de2ec35931a00aac5c657b4b8dee24,2025-08-12T13:30:00Z,2025-06-09T15:18:00Z,NA
4b931842e4048d7ac76cf7b59c47b84b351aba74db894e1f91c431835f30e1a1,Client_101,Provider_001,"Mini Custom Highlight, Extra color bowls",Self-Scheduled,completed,0,FALSE,138c11b91cdea127f471d9282f78719695b270316749b1720ca70b449e2a7294,2025-08-14T11:30:00Z,2025-08-10T20:18:00Z,NA
ea5305c950619a9c409c2b5c0085e1041620d59c07b0bd780704af37a7850e68,Client_049,Provider_001,Root Touch-Up Only,Self-Scheduled,completed,0,FALSE,e5be8a161ce4c5a72afa6998583c8f8e7bc1476593e6570c533e9d61ede164ca,2025-08-16T10:00:00Z,2025-07-09T20:13:00Z,NA
185d9c5509c250a962b9e6e510987ecb5c0f7d109991d8712ccd87385485d863,Client_093,Provider_001,Gloss with haircut,Online Booking,completed,0,FALSE,71df1b274141acfaab0f92dde2160d9644a67ef838c0b4df57e5850bc96f8cdb,2025-08-17T17:20:00Z,2025-08-15T16:01:00Z,2027
4779cc07a0d88d23b15d7b780c8c25b25d9956d8c98e71dc2e87037da9d49bd6,Client_045,Provider_001,"Partial Custom Highlight, Add on base color",Online Booking,completed,0,FALSE,fd2d21205508a44b79b283e91f6fe52d0e639e6bb18d141976782abd0eb7a1ef,2025-08-18T16:00:00Z,2025-07-31T11:45:00Z,2028
0f076b9807a67537015de92012375cee1309bb7edf2659624f552921d5e48132,Client_002,Provider_001,Gloss with haircut,Self-Scheduled,completed,0,FALSE,d52a5e3d0648f66e5b9f6882927fb54bdde4eaadc27051b6250f69c91530d0ca,2025-08-19T13:00:00Z,2025-08-16T10:13:00Z,NA
870a52bc63c109587b21def06a393f22fbd2169b24a82c5ecfc867adfe5dd32b,Client_085,Provider_001,"Balayage/Foilayage partial, Eye Brow wax Only",Self-Scheduled,completed,0,FALSE,ea8ac918c998e84a8f970eea44a7697f746687ce5300a7f9418e1c45ae633495,2025-08-20T13:30:00Z,2025-07-30T18:36:00Z,NA
59f98698653d6498d7aa7dd602c0ec29432c82a65aa566d4b3f332df951c00a5,Client_013,Provider_001,Color Corrections/Vivid colors,Self-Scheduled,completed,0,FALSE,2869f0340f3ec339e2267900f70e399f8693161848947c8be0f013d7c8a91881,2025-08-21T15:30:00Z,2025-08-14T15:02:00Z,NA
9c30ee6386b6537f0bd0491d38041b8290903b382cb00b345cd3ea577be5f876,Client_026,Provider_001,Balayage/Foilayage partial,Self-Scheduled,completed,0,FALSE,2ab82c8b32ed27f5c7c1ad44256745602f16204468cc6fd3e541d732558c5515,2025-08-21T16:00:00Z,2025-05-22T18:21:00Z,NA
93217af1abfb967b5d6a2c7eec4ce62bcaced24a8d3e8b320423a28dc07cc768,Client_014,Provider_001,Signature Blonde Session,Online Booking,completed,0,FALSE,9d64a3018d20e5ed17fe8ecd2addbd5cfea23cd17bd8ba44ec227100a95d4fb4,2025-08-23T13:00:00Z,2025-08-16T13:53:00Z,2028
9b5c841b5cd8ae4b83fa166c354ce75e8a8358d8453cca69785d48f706070719,Client_058,Provider_001,Women's Haircut,Online Booking,completed,0,FALSE,a76dafa9c80c5c1efc104e9ad0020b77e5b51517690814572fa62cc19bcb9594,2025-08-25T12:00:00Z,2025-08-24T20:19:00Z,2029
63f9c6826d1e5d84404e4ef1971eb80ddbeef5f46b61efeae735dc059e3028ff,Client_088,Provider_001,Women's Haircut,Self-Scheduled,completed,0,FALSE,611200cc7c641aee1a3e01aa4a262f0145af021d207b7cd07872187f055038e5,2025-08-27T14:00:00Z,2025-07-23T14:35:00Z,NA
22279d4fb68039da319ef32a63c8809a19bb7e8a197e916eb8ca3fe0ebc0473c,Client_041,Provider_001,Signature Blonde Session,Online Booking,cancelled,0,FALSE,NA,2025-08-30T11:40:00Z,2025-07-29T01:07:00Z,2026
d02344cd677b2f488de5437bdac02083419225f9ef3d02ed8dcb0f80325d6bb4,Client_091,Provider_001,"Mini Custom Highlight, Add on base color",Self-Scheduled,completed,0,FALSE,b1f8dab55cb3015195dc85a4f31c23dd43671b4786c7f95bec2c07452b3b9b9f,2025-09-05T09:00:00Z,2025-07-11T12:42:00Z,NA
c73145cb6ea553b74ec278f4486dfc334dffd9d92f2c69178b7610eab8b1eeac,Client_031,Provider_001,Women's Haircut,Online Booking,completed,0,FALSE,48ae767b2ffb5f22de3e11cf513b285597ada34e35fb436c244ef5803e70a0b1,2025-09-08T17:00:00Z,2025-08-29T07:58:00Z,2025
dbffd06186df0c4d28da5fc401a92507389d65e99b6b24987b1042b625180fff,Client_089,Provider_001,Womens Dry Cut,Online Booking,completed,0,FALSE,392ec557f78ab62545075c99bc9ebf59ae59dfa20d87d2e7696bf54977305ebd,2025-09-09T15:20:00Z,2025-09-09T13:28:00Z,2029
eceae9cc6a1d7fe195b535041e22a9847aa8fad4df38b2d064f5c72b06a94749,Client_011,Provider_001,All over color,Online Booking,completed,0,FALSE,e3ac7a0e4855151a02b9328a85f7605e4a066017f7591a07ef4f0488e0df9d20,2025-09-15T11:30:00Z,2025-09-08T08:05:00Z,2027
4e52f469956a2212234498cfa91c3c55d38ce4f52eea32a45c2949de1ec3703e,Client_100,Provider_001,Balayage/lived in/Foilayage,Self-Scheduled,completed,0,FALSE,258b81ca05830b9f8628a281dc45f71f00561207aadbdf2d672d879ecbb8b90f,2025-09-17T12:15:00Z,2025-09-08T14:06:00Z,NA
58c42521e36977abb1a6db715c1bac02fbc7c12d1412e3335dc90d4e67e9e90f,Client_039,Provider_001,All over color,Self-Scheduled,completed,0,FALSE,9aca0c3885e49dc31ef200af1fe0e2fc694a17f8c6545e4a2407467f1f3c8ceb,2025-09-17T12:45:00Z,2025-07-28T14:40:00Z,NA
6a001799dc38406b36703e672ca85bbb35ec5fe7def8d9b854344309ee555e48,Client_055,Provider_001,Balayage/Foilayage partial,Self-Scheduled,completed,0,FALSE,7ee4b66a1ff0644d1393c7e8ff1dcf22f6f839a7dfc41ae7454fa4cf96758188,2025-09-17T15:30:00Z,2025-09-12T21:57:00Z,NA
0ae15df25c14ba2c54f367ac64b5d04aa91eac53528b3fe8ee21650390b47774,Client_047,Provider_001,"Add on base color, Full custom Highlight",Self-Scheduled,no_show,0,FALSE,82155651b322b2fd0beacafedaeaefdbe0d44e5ac23607a40b39df7cdf6315f4,2025-09-19T10:00:00Z,2025-09-10T18:29:00Z,NA
774b54de6a8450b7ea987ac5fe7340883f1c6fec8060842156b847c64eaf5f78,Client_069,Provider_001,Signature Blonde Session,Self-Scheduled,cancelled,0,FALSE,NA,2025-09-20T11:30:00Z,2025-07-25T15:59:00Z,NA
d792904cdbe39704ba49bad5b6b14426b1249cbb761ccd9541a49f1f348af201,Client_005,Provider_001,Balayage/lived in/Foilayage,Self-Scheduled,completed,0,FALSE,1971d9aa0099b77575711fb009137e90ee5c6569982d1730a4121467a093fd0a,2025-09-22T14:00:00Z,2025-09-18T14:30:00Z,NA
319b360104e87d8e1cebb462535e1135cfa24e505bb31c4d219e001597c44520,Client_035,Provider_001,All over color,Self-Scheduled,completed,0,FALSE,940531449b3c72ab747ccf2e03bb892e5041de9dfa6cbb7670940680746ac9c3,2025-09-23T12:30:00Z,2025-08-05T17:39:00Z,NA
c959a0042fc2235792e6381ef81234d5679f36091c3b3528dfb7e747619bf20f,Client_045,Provider_001,"Partial Custom Highlight, Add on base color",Self-Scheduled,completed,0,FALSE,521ac002033c07faeb2f1ce087909fe29d1b0029bd60c7a8d572f4f812ac14d4,2025-09-24T10:00:00Z,2025-08-18T18:56:00Z,2028
2a957f91e991b9ba4d836b6df75793631ade04f62dc29cd70839847c7b8407db,Client_049,Provider_001,Root touch-up with cut,Self-Scheduled,completed,0,FALSE,c0eff2f63241f109f06a260b8ecab1802daa44e612fadf90651f01679cfa5cf8,2025-09-27T12:15:00Z,2025-08-16T11:54:00Z,NA
bcd0e01f2dfdd6022bc55d6bc80b44b75de87a7417ba68d1388f0f39bcaa6c7e,Client_071,Provider_001,"Mini Custom Highlight, Add on base color",Self-Scheduled,completed,0,FALSE,8fe28d5796748a3bc0678ec3a55544378363bb6f8e5d9493362fb71ad511f1dd,2025-09-27T14:00:00Z,2025-09-22T17:37:00Z,NA
b7cb2b13621be0256daea7ec48e110f4931b3cd89bc906c437efb81203f98a25,Client_096,Provider_001,Women's Haircut,Self-Scheduled,completed,0,FALSE,a923122a36fe552cb4264cbacd9532f2090f47089216c80302cebca12214869f,2025-09-28T11:30:00Z,2025-08-10T12:38:00Z,NA
01a123ec3260f3ab2b825efac7e60da0fa33bebe04f4ed4f2d567f3bd088520b,Client_004,Provider_001,Balayage/Foilayage partial,Self-Scheduled,completed,0,FALSE,950d2a74d599a55941cc5d338ef0546dce2f099216056afb0f4744bfd5720ea7,2025-10-01T10:00:00Z,2025-07-23T11:07:00Z,NA
a3ca3b05127e95c225c092a584303a0b431d1516cdb88de141122ac715ec3e70,Client_042,Provider_001,"Partial Custom Highlight, Extra color bowls",Online Booking,completed,0,FALSE,af33b18db010d862b8238cf0348ccdb77c09990cac175b7c3261e578f97361da,2025-10-02T12:40:00Z,2025-09-30T08:12:00Z,2025
87ecba3b3716c58ba67c8a9a114f61967186e23382cef6c41d3a26b8871efefa,Client_051,Provider_001,Balayage/lived in/Foilayage,Self-Scheduled,completed,0,FALSE,8c0833609de242c822bdf1901b87854ef462b71c7575869450c2c17daa3ab699,2025-10-04T10:00:00Z,2025-09-22T12:53:00Z,2027
5e7e7ae3ab01be074a8f4572ac1bbab33282db38c048d24786b2f2190733d438,Client_014,Provider_001,Full custom Highlight,Self-Scheduled,cancelled,0,FALSE,NA,2025-10-04T14:00:00Z,2025-09-11T22:28:00Z,2028
76660aa392b0f108b40c6c93486428ad0efc9c3fef39aa1bc7fae09198a0e235,Client_009,Provider_001,Partial Custom Highlight,Self-Scheduled,completed,0,FALSE,7ccc773d7a98ce91391f9823c2c9464664919cbbf5452347afc4507b086d8633,2025-10-06T16:45:00Z,2025-08-11T11:08:00Z,2026
d5c8b42720b50b379c086acf60db8ba00e0183c947b7cd6ace8f290ae6ee2b42,Client_052,Provider_001,Balayage/lived in/Foilayage,Self-Scheduled,completed,0,FALSE,750397d4a112e677a682586d91afead78eef7d3491ef1e3c5d528f76c9e3cf6c,2025-10-07T09:00:00Z,2025-09-21T14:08:00Z,NA
03509e03900c6b5d6678a0032e788a08f7134cefbf9dc7ec4f52f36101292cf0,Client_025,Provider_001,Balayage/lived in/Foilayage,Self-Scheduled,completed,0,FALSE,46b670483316a2074c58a90f92512a4794d1be3019a10177f01ab9bf52fb7557,2025-10-10T16:00:00Z,2025-09-29T18:01:00Z,NA
9f87a60e7f5215b54e5395259eb82848248edafe119ceba3f6bd9f2f54cb165b,Client_017,Provider_001,Balayage/Foilayage partial,Self-Scheduled,completed,0,FALSE,ac9d1526c3761078588649ffc4846118e63dc4b1d868283fe80f38dae5265f52,2025-10-16T13:00:00Z,2025-10-13T11:05:00Z,NA
99fa7b9fe3c3ebf7fff69cd8218bc8e0671cf2c9c3166440817687a474b14bf2,Client_044,Provider_001,Gloss with haircut,Self-Scheduled,completed,0,FALSE,215c7ff25b8310f0b1813f4079b10dbbd1725f2aae6c589e3a16c71a37673f1e,2025-10-18T16:30:00Z,2025-08-02T13:34:00Z,NA
318dd447f2a3a41525c668bf1f2f9561bbf215459955acdada9c243de772e81c,Client_021,Provider_001,Women's Haircut,Self-Scheduled,completed,0,FALSE,2f49cd067d0289c2f304650b33a2818cc7719c3b840f6824294981f68b3f3da2,2025-10-20T11:00:00Z,2025-10-16T21:11:00Z,NA
4892b14057986d4366046d367b6727924af8831930f9f434e476ba370ebb57bf,Client_009,Provider_001,Free Consultation|Color Correction|,Self-Scheduled,completed,0,FALSE,818baeb487ffc4c64f3abd60cbbf86900ecde5a972ec2243107f70a8bf1076fe,2025-10-20T17:40:00Z,2025-10-20T17:41:00Z,2026
d3db2d3249e0d3cfd5c5a0b2036103e329dc158078a33d972cc66a03ff076d97,Client_089,Provider_001,Balayage/Foilayage partial,Online Booking,completed,0,FALSE,06d1ba3fb732b239ce7efd96748d88ebec11a7fd1d6b3e5700ef844704006348,2025-10-22T10:00:00Z,2025-10-04T22:25:00Z,2029
418cb86aa198f50ca59f651027d635ee799811ede745ace37926324f7f900159,Client_053,Provider_001,Balayage/Foilayage partial,Self-Scheduled,completed,0,FALSE,c0bb4a02e52e96aa430ee43690d497e987553398e869c284405b616a6afe6b47,2025-10-28T13:00:00Z,2025-10-11T09:36:00Z,NA
8e152ea61aad574baacf781d06de37cb8d51d0bcfb04f95ccd7e3320961223f0,Client_068,Provider_001,Balayage/lived in/Foilayage,Self-Scheduled,completed,0,FALSE,dbaadc6096faa1df786f95940d46addea38fa43a85a1bf8a0275808b5c713c4f,2025-10-30T15:00:00Z,2025-08-04T17:25:00Z,NA
7795f2397bd1914ac829d9427517349e7f586f211525558c19a2e695171c65b6,Client_001,Provider_001,Free Consultation|Color Correction|,Online Booking,checkout,0,FALSE,c8ab42fbc1e12f39f18dae1b567d1846f4d8e75941e141a8a8b4df0059823c28,2025-11-02T11:30:00Z,2025-11-01T13:34:00Z,2029
a246899983c0a18644e64988621459099776327bf35d46df326b8e1586f5b020,Client_007,Provider_001,All over color,Self-Scheduled,completed,0,FALSE,b6d095a28546f5b3b028583d3c1bf3ca9e51caab64e5f43d46942e95e0d4c5ab,2025-11-05T15:30:00Z,2025-11-02T18:27:00Z,NA
332470b76531f6ad862db5994ce7c494ab89a849c8774c965f5c89036f52b7b7,Client_072,Provider_001,Blowout/styling,Online Booking,completed,0,FALSE,1c894616857a7057263ced55b39260c55b6be5d55266bf784eddae8c8319398c,2025-11-06T13:30:00Z,2025-11-06T13:15:00Z,2028
715c0b84d56f6b50f9ef8356bc4450b821de63b2a17d2d55d60bb795e03a7bc4,Client_001,Provider_001,"Add on base color, Balayage/Foilayage partial",Self-Scheduled,completed,0,FALSE,6657a660b51550656ebd45177930c14fe23a5dd35ce6cad0fdbec762e8a4007f,2025-11-09T11:00:00Z,2025-11-02T11:57:00Z,2029
ed169038bba26158173df3de8b3efa39f152e0accb78dca8f376e78cf6ec9950,Client_006,Provider_001,Balayage/lived in/Foilayage,Self-Scheduled,cancelled,0,FALSE,NA,2025-11-10T09:30:00Z,2025-10-23T18:04:00Z,NA
4f23625de5a17134dc5565f4913f6da96432dcf4d8176450b07afd9678d579c1,Client_031,Provider_001,Women's Haircut,Self-Scheduled,cancelled,0,FALSE,NA,2025-11-11T11:00:00Z,2025-09-08T17:54:00Z,2025
2e1b38b71c0ccc81208b4e9b54245631c75250c3375d862172bc27b70ce4527f,Client_039,Provider_001,All over color,Self-Scheduled,cancelled,0,FALSE,NA,2025-11-12T12:30:00Z,2025-09-17T14:27:00Z,NA
c937046b8e3c990afaabfff5e226570ef9098437093ee131a12b89305c46655b,Client_049,Provider_001,Balayage/Foilayage partial,Self-Scheduled,completed,0,FALSE,4e23434bfc189bdaff9ef9f7a287e24ee162242afa5c090d3b74db3b955b60c9,2025-11-15T08:00:00Z,2025-09-27T13:51:00Z,NA
9e8a004d3f50e804264c6465258788ca8f12cd330cb62facbab5f91a180939a4,Client_096,Provider_001,Women's Haircut,Self-Scheduled,completed,0,FALSE,98efbc1a74296251c494f7d68e3f11be729b0d5e2c8c518962ba73e476e6cc0c,2025-11-16T15:15:00Z,2025-09-28T12:13:00Z,NA
d381cfe0273ecbfdfe71820abad21363b849f5ee72f71e521410bf42fae1ed9d,Client_034,Provider_001,Signature Blonde Session,Online Booking,completed,0,FALSE,8f8552a547765df44d43cdc8d994c56dac365b14a8aca33de0bce9c045e0ef1d,2025-11-19T09:00:00Z,2025-11-14T19:37:00Z,2028
df54b0ee23fe5fb911a94992f0e66e9ae3cbc8adc5cf2ee15d404b521c448404,Client_085,Provider_001,"Eye Brow wax Only, Balayage/Foilayage partial",Self-Scheduled,completed,0,FALSE,04b2845429d8924b1f515a714529283a4afa907d50ed94dd298d0373b6bd2f34,2025-11-19T13:30:00Z,2025-08-20T16:50:00Z,NA
9c9fdea976a7d63ef49609a8b4aaf43baa8d83ef80ef16215c2f7d4b240c4d41,Client_015,Provider_001,All over color,Online Booking,completed,0,FALSE,2de70dea3269fb0569857519ac419a8ff00aeb71d81ff1c6c407fbe628aa1744,2025-11-22T09:00:00Z,2025-11-20T13:00:00Z,2028
be8712a7639b52803b8e82de7d4260521e2508e70dda4ec4279cb065a08b50cd,Client_057,Provider_001,Balayage/lived in/Foilayage,Self-Scheduled,completed,0,FALSE,486846dda306cf7b5dbdf07e99ca72eaa9fab7c4814b18ffede96371ca6ab45d,2025-11-22T09:30:00Z,2025-10-28T09:37:00Z,NA
1a0c68f6d515b22a7d6d137a63c5ac3ccb9465367e6c23d6b5c69b20e341d1d4,Client_031,Provider_001,Women's Haircut,Online Booking,completed,0,FALSE,708fb54868d69b344895a5955d2d906eef7c193f0d1679aea742672572bb1170,2025-11-22T15:00:00Z,2025-11-12T10:43:00Z,2025
7070c2fd9d10d5d7b2bec67dfd4af222f72338f4ee68f76a9b748340092c8117,Client_050,Provider_001,Balayage/lived in/Foilayage,Self-Scheduled,completed,0,FALSE,c7779a146c214ed939c6dc5188ad332569caf2dd52a525c845a790e48b87e2a4,2025-11-23T13:00:00Z,2025-10-23T08:31:00Z,NA
f0774fe6f068f045c0fe5afa3d8985eeb1263909b000375f6a6d51f21b399967,Client_035,Provider_001,"Root Touch-Up Only, Add on base color",Self-Scheduled,cancelled,0,FALSE,NA,2025-11-25T11:50:00Z,2025-09-23T14:55:00Z,NA
66c4f84b4742d3b0e268dc445249d0959dd9ab18643dbfd19a9cf4a02f7138e6,Client_090,Provider_001,Balayage/Foilayage partial,Self-Scheduled,completed,0,FALSE,064e62faff39e6f203d1aa6e93de6a3d155ab3da2998f23bc1e3c0e09594bcbd,2025-12-01T11:30:00Z,2025-10-15T17:33:00Z,NA
3c4c79a68237d0b7daef3c8580ab9deb9d73b37367f3ccc0b8dc38a195e3fd05,Client_086,Provider_001,"Mini Custom Highlight, Add on base color",Self-Scheduled,completed,0,FALSE,bd7370d9029aaaaf2f900053170d7367c406b134a928b1918f4e93beb3676d85,2025-12-12T13:30:00Z,2025-11-28T15:17:00Z,NA
5936c99a9ef65f8ca017629d1a05e7c167f0f14481fea39289b99e1852cf57e5,Client_029,Provider_001,Partial Custom Highlight,Online Booking,completed,0,FALSE,106a7257601b7556bd529223eb60307f4f59be97bc610905e7a6524c38a947dc,2025-12-18T09:50:00Z,2025-12-17T14:24:00Z,2026
,,,,,,,,,,,